layer,top_prediction,target_rank,target_prob
0, Internet,75,0.00017590486095286906
1, Archive,29,0.0003306425642222166
2, Archive,35,8.995481766760349e-05
3, Archive,117,5.28641467099078e-05
4, Archive,157,6.477864371845499e-05
5, Explorer,232,2.227841832791455e-05
6, Explorer,128,1.7307551388512366e-05
7, Explorer,111,3.7859645090065897e-05
8, Access,75,0.00012503820471465588
9, Access,61,8.733884897083044e-05
10, Access,54,0.0002977437397930771
11, Access,72,0.000873231387231499
